classification,total_trades,total_pnl,avg_pnl,total_volume_usd,avg_trade_volume_usd
Extreme Fear,21400,739110.24849,34.53786207897196,114484261.44,5349.7318429906545
Extreme Greed,39992,2715171.310673,67.89286133909282,124465164.57,3112.2515645629123
Fear,61837,3357155.441642,54.2903996254993,483324789.79,7816.109930785776
Greed,50303,2150129.272951,42.74355948851957,288582494.72,5736.884375086974
Neutral,37686,1292920.67555,34.30771839807886,180242063.08,4782.732661465797
